{"texts": ["Credit Sales Voucher(Page 2)", "Vaibhav Colors", "Invoice No.", "e-Way Bill No.", "Dated", "New No.551/ Old No.354 Ist Floor", "9/22-23", "581355826827", "4-Apr-22", "Anna Salai, Nandanam,", "Delivery Note", "Mode/Terms of Payment", "Chennai-35.", "044-24362101", "21 Days", "9884110605", "Reference No. & Date.", "Other References", "GSTIN/UIN: 33ACPPU8401Q1ZT", "State Name : Tamil Nadu, Code : 33", "10", "E-Mail vaibhavcolors@gmail.com", "Buyer's Order No.", "Dated", "Consignee (Ship to)", "Kun Auto Co. Pvt. Ltd.,", "Dispatch Doc No.", "Delivery Note Date", "No. 10A & 11A, Sidco Industrial Estate,", "Arumbakkam, Chennai-106.", "Dispatched through", "Destination", "GSTIN/UIN", ": 33AAACK8991K1Z2", "State Name", ": Tamil Nadu, Code : 33", "Terms of Delivery", "Buyer (Bill to)", "Kun Auto Co. Pvt. Ltd.,", "No.10A & 11A, Sidco Industrial Estate,", "Arumbakkam, Chennai-106.", "GSTIN/UIN", ": 33AAACK8991K1Z2", "State Name", ": Tamil Nadu, Code : 33", "SI", "Description of Goods", "HSN/SAC", "Quantity", "Rate", "per", "Disc. %", "Amount", "No.", "5", "991-8916 Aqpl Tnt Royal Blue", "32099090", "1.000 ltrs", "4,892.40", "ltrs", "4,892.40", "1ltr", "6", "993-8941 Aqpl Tnt Strong Red", "32099090", "1.000 ltrs", "11,535.60", "ltrs", "11,535.60", "1ltr", "7", "998-8991 Aqpl Tnt Tone", "32099090", "2.000 ltrs", "4,391.60", "Itrs", "8,783.20", "Controller 1ltr", "8", "991-8930 Aqpl Tnt Blue Lake", "32099090", "4.000 ltrs", "6,288.60", "ltrs", "25,154.40", "2ltrs", "continued", "This is a Computer Generated Invoice"], "bboxes_ltwh": [[0.3255364000797272, 0.025577757507562637, 0.23437555134296417, 0.014188497327268124], [0.06427966803312302, 0.06191891059279442, 0.11381016671657562, 0.009413283318281174], [0.45835843682289124, 0.05900842323899269, 0.06951408088207245, 0.008721438236534595], [0.5617777109146118, 0.05946546792984009, 0.0671788677573204, 0.01150407176464796], [0.6515273451805115, 0.059063706547021866, 0.037352126091718674, 0.00864255428314209], [0.06565701216459274, 0.07665659487247467, 0.23405632376670837, 0.006805763579905033], [0.4578670561313629, 0.07358047366142273, 0.053195688873529434, 0.00939524918794632], [0.5619263052940369, 0.07370194047689438, 0.06519939750432968, 0.009366651065647602], [0.6509538888931274, 0.07234709709882736, 0.06397569924592972, 0.011666537262499332], [0.06514736264944077, 0.08655664324760437, 0.16376280784606934, 0.007350903935730457], [0.4583214819431305, 0.08868451416492462, 0.08392801135778427, 0.01070823147892952], [0.6515724658966064, 0.0885286033153534, 0.15395185351371765, 0.010899257846176624], [0.0662926733493805, 0.09594012796878815, 0.08315752446651459, 0.006456164177507162], [0.06546930223703384, 0.1053738072514534, 0.09624370187520981, 0.006487458944320679], [0.651053249835968, 0.1022438332438469, 0.05912044644355774, 0.011531892232596874], [0.06740604341030121, 0.1151958778500557, 0.08399223536252975, 0.00634693494066596], [0.4582664370536804, 0.11814332753419876, 0.14065535366535187, 0.009118487127125263], [0.6515215635299683, 0.11818147450685501, 0.11032792925834656, 0.009078127332031727], [0.0658697783946991, 0.12451767176389694, 0.2317274957895279, 0.006567360833287239], [0.06559890508651733, 0.13373780250549316, 0.25513797998428345, 0.0074396696873009205], [0.45842239260673523, 0.1318006068468094, 0.01712828315794468, 0.009544950909912586], [0.06523390859365463, 0.14331670105457306, 0.23978270590305328, 0.008008989505469799], [0.4583284556865692, 0.148312047123909, 0.11155449599027634, 0.010609173215925694], [0.6516873836517334, 0.1483990103006363, 0.03709355741739273, 0.008651390671730042], [0.06505130976438522, 0.15543442964553833, 0.12414638698101044, 0.010824881494045258], [0.06525538861751556, 0.1721237450838089, 0.16872577369213104, 0.011268001049757004], [0.45829635858535767, 0.17795279622077942, 0.10853852331638336, 0.010540942661464214], [0.6516129970550537, 0.17794695496559143, 0.1174779161810875, 0.010784639976918697], [0.06527122855186462, 0.18762090802192688, 0.2664533853530884, 0.011002126149833202], [0.06393850594758987, 0.2030368596315384, 0.19429340958595276, 0.011346555314958096], [0.4583825469017029, 0.2075432538986206, 0.12155059725046158, 0.010837537236511707], [0.65159672498703, 0.20760232210159302, 0.06972459703683853, 0.008881554938852787], [0.0652691125869751, 0.21864402294158936, 0.07782619446516037, 0.009718102402985096], [0.1893005669116974, 0.21877337992191315, 0.15385332703590393, 0.009638209827244282], [0.06508045643568039, 0.23425360023975372, 0.08197837322950363, 0.009517816826701164], [0.1893240213394165, 0.2342744618654251, 0.16786429286003113, 0.011324862949550152], [0.4576956033706665, 0.237245112657547, 0.11071527749300003, 0.010861145332455635], [0.06510352343320847, 0.27891114354133606, 0.08396575599908829, 0.010760675184428692], [0.06546889245510101, 0.2958007752895355, 0.1684449464082718, 0.011266914196312428], [0.06509248912334442, 0.31147301197052, 0.26663994789123535, 0.011174562387168407], [0.06395822018384933, 0.3268771767616272, 0.19417957961559296, 0.011213538236916065], [0.06536330282688141, 0.34227898716926575, 0.07778119295835495, 0.00974314846098423], [0.18924520909786224, 0.34229913353919983, 0.15431153774261475, 0.009663541801273823], [0.06512975692749023, 0.3576633632183075, 0.08190128952264786, 0.009663050994277], [0.18937943875789642, 0.35774722695350647, 0.16761386394500732, 0.011406593956053257], [0.0645800456404686, 0.4077044129371643, 0.011168994940817356, 0.009473858401179314], [0.13853320479393005, 0.40693989396095276, 0.13301241397857666, 0.011120334267616272], [0.3590715825557709, 0.40728363394737244, 0.06241291016340256, 0.00918898917734623], [0.4534139335155487, 0.4073777198791504, 0.05216361582279205, 0.010779899545013905], [0.5559656620025635, 0.407457560300827, 0.029127318412065506, 0.00880336295813322], [0.6247726678848267, 0.4094974398612976, 0.02034303918480873, 0.008342541754245758], [0.6584157347679138, 0.40730443596839905, 0.04332803934812546, 0.008927500806748867], [0.7514118552207947, 0.4074520766735077, 0.04986739158630371, 0.00878243986517191], [0.06396082043647766, 0.42350855469703674, 0.012313392013311386, 0.009072378277778625], [0.06489626318216324, 0.4472111463546753, 0.008663679473102093, 0.00933657493442297], [0.0850699320435524, 0.4456661343574524, 0.2185811549425125, 0.01184239611029625], [0.35419267416000366, 0.4465312361717224, 0.06207156181335449, 0.008529928512871265], [0.4486598074436188, 0.4458131194114685, 0.06627311557531357, 0.009278892539441586], [0.5535506010055542, 0.44658324122428894, 0.054865751415491104, 0.00963940192013979], [0.6291126608848572, 0.4467442035675049, 0.018824230879545212, 0.00831186305731535], [0.7700359225273132, 0.44571590423583984, 0.06101398542523384, 0.010897109284996986], [0.08539508283138275, 0.45991408824920654, 0.024457789957523346, 0.009473800659179688], [0.06463399529457092, 0.47583454847335815, 0.00882588792592287, 0.009226055815815926], [0.0847589373588562, 0.4741537570953369, 0.2222367525100708, 0.011879376135766506], [0.35389822721481323, 0.47514238953590393, 0.06210197135806084, 0.008585183881223202], [0.44855934381484985, 0.4743209183216095, 0.06646617501974106, 0.009359493851661682], [0.5463569164276123, 0.47516709566116333, 0.061357058584690094, 0.00963469035923481], [0.6290048956871033, 0.4752984046936035, 0.01906609907746315, 0.008400941267609596], [0.7607747316360474, 0.47435012459754944, 0.06917226314544678, 0.010810569860041142], [0.08541477471590042, 0.48831453919410706, 0.024462152272462845, 0.009698237292468548], [0.06479518115520477, 0.5041332244873047, 0.008598790504038334, 0.00925009697675705], [0.08525903522968292, 0.502702534198761, 0.17479673027992249, 0.011648924089968204], [0.35400083661079407, 0.5035021305084229, 0.062047041952610016, 0.008769314736127853], [0.44794103503227234, 0.5026655793190002, 0.06705045700073242, 0.009669306688010693], [0.5535582304000854, 0.5035902261734009, 0.05488323047757149, 0.0095808831974864], 